executionStartTime,executionEndTime,executionLatency,containerId,hostId,statusCode,requestResponseLatency,requestTime,responseTime,requestId,replicas,schedulingLatency
1622538866.1277385,1622538870.4765313,4.348792791366577,603f015a-1801-4b41-8aac-c1ecd578976a,1622536804,200,4.858999967575073,1622538865.739,1622538870.598,2c3d83a9-66fa-4e3b-b569-de05872415dc,2,0.38873839378356934
1622538876.1184118,1622538879.9509795,3.8325676918029785,603f015a-1801-4b41-8aac-c1ecd578976a,1622536804,200,4.25600004196167,1622538875.763,1622538880.019,fb9d0bf1-f3bc-40fb-8f9f-20b483d5d810,2,0.3554117679595947
1622538886.0873237,1622538890.174808,4.087484359741211,603f015a-1801-4b41-8aac-c1ecd578976a,1622536804,200,4.505000114440918,1622538885.748,1622538890.253,55327ffb-216a-47e5-81a5-132dd6bca9de,2,0.3393237590789795
1622538896.059018,1622538900.2088737,4.149855852127075,603f015a-1801-4b41-8aac-c1ecd578976a,1622536804,200,4.555000066757202,1622538895.734,1622538900.289,ff24d671-7f1d-4e88-a011-c70b190380ca,2,0.32501792907714844
,,,,,502,5.325000047683716,1622538905.734,1622538911.059,7f862030-d517-4bce-a54b-75da97b8e85e,2,
,,,,,502,5.240999937057495,1622538915.733,1622538920.974,e142aaa6-9b31-41c3-a3ec-812c0fa16779,2,
1622538926.1439047,1622538930.3008716,4.156966924667358,603f015a-1801-4b41-8aac-c1ecd578976a,1622536804,200,4.661999940872192,1622538925.733,1622538930.395,f5406774-7500-40ef-8877-fba831c9e03a,2,0.4109046459197998
1622538936.0769234,1622538940.2281682,4.151244878768921,603f015a-1801-4b41-8aac-c1ecd578976a,1622536804,200,4.5950000286102295,1622538935.733,1622538940.328,cc52a4c1-a235-486f-8f0a-88e5fe130cc3,2,0.34392333030700684
1622538946.071715,1622538950.257579,4.185863971710205,603f015a-1801-4b41-8aac-c1ecd578976a,1622536804,200,4.631999969482422,1622538945.733,1622538950.365,f79050a2-6dac-4e57-9593-0c6667f0a84a,2,0.3387150764465332
1622538956.146681,1622538960.5506394,4.403958320617676,603f015a-1801-4b41-8aac-c1ecd578976a,1622536804,200,4.878000020980835,1622538955.734,1622538960.612,95824c08-fae4-481b-beab-094e22be6c4f,2,0.41268110275268555