executionStartTime,executionEndTime,executionLatency,containerId,hostId,statusCode,requestResponseLatency,requestTime,responseTime,requestId,schedulingLatency
1622538400.537886,1622538404.5858757,4.047989845275879,603f015a-1801-4b41-8aac-c1ecd578976a,1622536804,200,4.53600001335144,1622538400.133,1622538404.669,564b2a77-a844-49ba-b76e-2ba66075843a,0.40488600730895996
1622538410.6778936,1622538414.8549771,4.177083492279053,603f015a-1801-4b41-8aac-c1ecd578976a,1622536804,200,4.8429999351501465,1622538410.164,1622538415.007,abdb1ebc-a5a5-4c35-a25e-d06ff00554db,0.51389360427856451622538420.488248,1622538425.0320468,4.5437986850738525,603f015a-1801-4b41-8aac-c1ecd578976a,1622536804,200,5.10099983215332,1622538420.147,1622538425.248,de4b8678-a363-4417-9530-ad7e2870e3e3,0.3412480354309082
1622538430.4562683,1622538434.4691734,4.012905120849609,603f015a-1801-4b41-8aac-c1ecd578976a,1622536804,200,4.440000057220459,1622538430.128,1622538434.568,c0e9173a-0044-4025-8a3e-7287fed8496e,0.32826828956604004
1622538440.465032,1622538444.6798747,4.2148425579071045,603f015a-1801-4b41-8aac-c1ecd578976a,1622536804,200,4.677000045776367,1622538440.129,1622538444.806,38dbc82e-82be-4b84-a133-8976c8da13d8,0.3360321521759033
1622538450.4903955,1622538455.0743148,4.583919286727905,603f015a-1801-4b41-8aac-c1ecd578976a,1622536804,200,5.004999876022339,1622538450.127,1622538455.132,6b1ef549-5532-484a-8417-7ac57396b3ed,0.36339545249938965